"Term","Overlap","P.value","Adjusted.P.value","Old.P.value","Old.Adjusted.P.value","Odds.Ratio","Combined.Score","Genes"
"IL-17 signaling pathway","1/94",0.140041679790088,0.38791100914452,0,0,6.89386056191467,13.5520557958363,"ELAVL1"
"AMPK signaling pathway","1/120",0.17529347238642,0.38791100914452,0,0,5.38059094605584,9.36918924880616,"ELAVL1"
"Spliceosome","1/150",0.21423032933522,0.38791100914452,0,0,4.29075557479974,6.61078229245645,"RBMX"
"RNA transport","1/186",0.25860733942968,0.38791100914452,0,0,3.44952048823017,4.66528477616436,"FMR1"
"MicroRNAs in cancer","1/310",0.393635559084916,0.444687418698467,0,0,2.05230191042906,1.91342217772811,"IGF2BP1"
"Amyotrophic lateral sclerosis","1/364",0.444687418698467,0.444687418698467,0,0,1.74220207944548,1.41185212116645,"HNRNPA2B1"
